query_id	corpus_id	score
q61910	c61726	1
q61911	c61727	1
q61912	c61728	1
q61913	c61729	1
q61914	c61730	1
q61915	c61731	1
q61916	c61732	1
q61917	c61733	1
q61918	c60629	1
q61919	c61734	1
q61920	c61735	1
q61921	c61736	1
q61922	c61737	1
q61923	c61738	1
q61924	c61739	1
q61925	c61740	1
q61926	c61741	1
q61927	c61742	1
q61928	c61743	1
q61929	c61744	1
q61930	c61745	1
q61931	c61746	1
q61932	c61747	1
q61933	c61748	1
q61934	c61749	1
q61935	c61750	1
q61936	c61751	1
q61937	c61752	1
q61938	c61753	1
q61939	c61754	1
q61940	c61755	1
q61941	c61756	1
q61942	c61757	1
q61943	c61758	1
q61944	c61759	1
q61945	c61760	1
q61946	c61761	1
q61947	c61762	1
q61948	c61763	1
q61949	c61764	1
q61950	c61765	1
q61951	c61766	1
q61952	c61767	1
q61953	c61768	1
q61954	c61769	1
q61955	c61770	1
q61956	c61771	1
q61957	c61772	1
q61958	c61773	1
q61959	c61774	1
q61960	c61775	1
q61961	c61776	1
q61962	c61777	1
q61963	c61778	1
q61964	c61779	1
q61965	c61780	1
q61966	c61781	1
q61967	c61782	1
q61968	c61783	1
q61969	c61784	1
q61970	c61785	1
q61971	c61786	1
q61972	c61787	1
q61973	c61788	1
q61974	c61789	1
q61975	c61790	1
q61976	c61791	1
q61977	c61792	1
q61978	c61793	1
q61979	c61794	1
q61980	c61795	1
q61981	c61796	1
q61982	c61797	1
q61983	c61798	1
q61984	c61799	1
q61985	c61800	1
q61986	c61801	1
q61987	c61802	1
q61988	c61803	1
q61989	c61804	1
q61990	c61805	1
q61991	c61806	1
q61992	c61807	1
q61993	c61808	1
q61994	c61809	1
q61995	c61810	1
q61996	c61811	1
q61997	c61812	1
q61998	c61813	1
q61999	c61814	1
q62000	c21486	1
q62001	c61815	1
q62002	c61816	1
q62003	c61817	1
q62004	c61818	1
q62005	c61819	1
q62006	c61820	1
q62007	c61821	1
q62008	c61822	1
q62009	c61823	1
q62010	c61824	1
q62011	c61825	1
q62012	c61826	1
q62013	c61827	1
q62014	c61828	1
q62015	c61829	1
q62016	c61830	1
q62017	c61831	1
q62018	c61832	1
q62019	c61833	1
q62020	c61834	1
q62021	c61835	1
q62022	c61836	1
q62023	c61837	1
q62024	c61838	1
q62025	c61839	1
q62026	c61840	1
q62027	c61841	1
q62028	c61842	1
q62029	c61843	1
q62030	c61844	1
q62031	c61845	1
q62032	c61846	1
q62033	c61847	1
q62034	c61848	1
q62035	c61849	1
q62036	c61850	1
q62037	c61851	1
q62038	c61852	1
q62039	c61853	1
q62040	c61854	1
q62041	c61855	1
q62042	c61856	1
q62043	c61857	1
q62044	c61858	1
q62045	c61859	1
q62046	c61860	1
q62047	c61861	1
q62048	c61862	1
q62049	c61863	1
q62050	c61864	1
q62051	c61865	1
q62052	c61866	1
q62053	c61867	1
q62054	c61868	1
q62055	c61869	1
q62056	c61870	1
q62057	c61871	1
q62058	c61872	1
q62059	c61873	1
q62060	c61874	1
q62061	c61875	1
q62062	c61876	1
q62063	c61877	1
q62064	c61878	1
q62065	c61879	1
q62066	c61880	1
q62067	c61881	1
q62068	c61882	1
q62069	c61883	1
q62070	c61884	1
q62071	c61885	1
q62072	c61886	1
q62073	c61887	1
q62074	c61888	1
q62075	c61889	1
q62076	c61890	1
q62077	c61891	1
q62078	c61892	1
q62079	c61893	1
q62080	c61894	1
q62081	c61895	1
q62082	c61896	1
q62083	c61897	1
q62084	c61898	1
q62085	c61899	1
q62086	c61900	1
q62087	c61901	1
q62088	c61902	1
q62089	c61903	1
q62090	c61904	1
q62091	c61905	1
q62092	c61906	1
q62093	c61907	1
q62094	c61908	1
q62095	c61909	1
q62096	c61910	1
q62097	c61911	1
q62098	c61912	1
q62099	c61913	1
q62100	c61914	1
q62101	c61915	1
q62102	c61916	1
q62103	c61917	1
q62104	c61918	1
q62105	c61919	1
q62106	c61920	1
q62107	c61921	1
q62108	c61922	1
q62109	c61923	1
q62110	c61924	1
q62111	c61925	1
q62112	c61926	1
q62113	c61927	1
q62114	c61928	1
q62115	c61929	1
q62116	c61930	1
q62117	c61931	1
q62118	c3074	1
q62119	c61932	1
q62120	c61933	1
q62121	c61934	1
q62122	c61935	1
q62123	c61936	1
q62124	c61937	1
q62125	c61938	1
q62126	c61939	1
q62127	c61940	1
q62128	c61941	1
q62129	c61942	1
q62130	c61943	1
q62131	c61944	1
q62132	c61945	1
q62133	c61946	1
q62134	c61947	1
q62135	c61948	1
q62136	c61949	1
q62137	c61950	1
q62138	c61951	1
q62139	c61952	1
q62140	c61953	1
q62141	c61954	1
q62142	c61955	1
q62143	c61956	1
q62144	c61957	1
q62145	c61958	1
q62146	c61959	1
q62147	c61960	1
q62148	c61961	1
q62149	c61962	1
q62150	c37380	1
q62151	c61963	1
q62152	c61964	1
q62153	c61965	1
q62154	c41000	1
q62155	c41001	1
q62156	c41002	1
q62157	c61966	1
q62158	c39837	1
q62159	c61967	1
q62160	c61968	1
q62161	c61969	1
q62162	c61970	1
q62163	c61971	1
q62164	c61972	1
q62165	c61973	1
q62166	c61974	1
q62167	c61975	1
q62168	c40522	1
q62169	c61976	1
q62170	c61977	1
q62171	c61978	1
q62172	c61979	1
q62173	c61980	1
q62174	c61981	1
q62175	c61982	1
q62176	c38400	1
q62177	c61983	1
q62178	c61984	1
q62179	c61985	1
q62180	c37364	1
q62181	c61986	1
q62182	c38706	1
q62183	c61987	1
q62184	c61988	1
q62185	c61989	1
q62186	c61990	1
q62187	c61991	1
q62188	c61992	1
q62189	c61993	1
q62190	c61994	1
q62191	c61995	1
q62192	c61996	1
q62193	c61997	1
q62194	c61998	1
q62195	c61999	1
q62196	c62000	1
q62197	c62001	1
q62198	c62002	1
q62199	c62003	1
q62200	c62004	1
q62201	c62005	1
q62202	c62006	1
q62203	c62007	1
q62204	c62008	1
q62205	c62009	1
q62206	c62010	1
q62207	c62011	1
q62208	c62012	1
q62209	c62013	1
q62210	c62014	1
q62211	c62015	1
q62212	c62016	1
q62213	c62017	1
q62214	c62018	1
q62215	c62019	1
q62216	c62020	1
q62217	c62021	1
q62218	c62022	1
q62219	c62023	1
q62220	c62024	1
q62221	c62025	1
q62222	c62026	1
q62223	c62027	1
q62224	c62028	1
q62225	c62029	1
q62226	c62030	1
q62227	c62031	1
q62228	c62032	1
q62229	c62033	1
q62230	c62034	1
q62231	c62035	1
q62232	c62036	1
q62233	c62037	1
q62234	c62038	1
q62235	c62039	1
q62236	c62040	1
q62237	c45769	1
q62238	c50128	1
q62239	c62041	1
q62240	c62042	1
q62241	c25313	1
q62242	c62043	1
q62243	c62044	1
q62244	c62045	1
q62245	c25317	1
q62246	c25304	1
q62247	c62046	1
q62248	c45773	1
q62249	c62047	1
q62250	c62048	1
q62251	c62049	1
q62252	c62050	1
q62253	c62051	1
q62254	c62052	1
q62255	c25309	1
q62256	c45776	1
q62257	c62053	1
q62258	c62054	1
q62259	c62055	1
q62260	c62056	1
q62261	c62057	1
q62262	c62058	1
q62263	c62059	1
q62264	c62060	1
q62265	c62061	1
q62266	c62062	1
q62267	c62063	1
q62268	c62064	1
q62269	c62065	1
q62270	c62066	1
q62271	c62067	1
q62272	c62068	1
q62273	c62069	1
q62274	c62070	1
q62275	c62071	1
q62276	c62072	1
q62277	c62073	1
q62278	c62074	1
q62279	c62075	1
q62280	c62076	1
q62281	c62077	1
q62282	c62078	1
q62283	c62079	1
q62284	c62080	1
q62285	c62081	1
q62286	c62082	1
q62287	c62083	1
q62288	c62084	1
q62289	c62085	1
q62290	c62086	1
q62291	c62087	1
q62292	c62088	1
q62293	c62089	1
q62294	c62090	1
q62295	c62091	1
q62296	c62092	1
q62297	c62093	1
q62298	c62094	1
q62299	c62095	1
q62300	c62096	1
q62301	c62097	1
q62302	c62098	1
q62303	c62099	1
q62304	c1492	1
q62305	c1494	1
q62306	c62100	1
q62307	c62101	1
q62308	c62102	1
q62309	c62103	1
q62310	c62104	1
q62311	c62105	1
q62312	c62106	1
q62313	c62107	1
q62314	c62108	1
q62315	c62109	1
q62316	c1498	1
q62317	c62110	1
q62318	c62111	1
q62319	c62112	1
q62320	c62113	1
q62321	c62114	1
q62322	c1504	1
q62323	c1505	1
q62324	c1506	1
q62325	c1507	1
q62326	c62115	1
q62327	c62116	1
q62328	c62117	1
q62329	c1515	1
q62330	c1516	1
q62331	c62118	1
q62332	c1518	1
q62333	c62119	1
q62334	c1519	1
q62335	c62120	1
q62336	c62121	1
q62337	c62122	1
q62338	c1521	1
q62339	c1522	1
q62340	c62123	1
q62341	c62124	1
q62342	c1531	1
q62343	c1535	1
q62344	c62125	1
q62345	c62126	1
q62346	c62127	1
q62347	c62128	1
q62348	c62129	1
q62349	c62130	1
q62350	c1539	1
q62351	c62131	1
q62352	c1541	1
q62353	c62132	1
q62354	c1543	1
q62355	c62133	1
q62356	c62134	1
q62357	c1545	1
q62358	c62135	1
q62359	c62136	1
q62360	c62137	1
q62361	c62138	1
q62362	c1546	1
q62363	c1547	1
q62364	c62139	1
q62365	c1551	1
q62366	c1552	1
q62367	c62140	1
q62368	c62141	1
q62369	c62142	1
q62370	c1554	1
q62371	c62143	1
q62372	c1555	1
q62373	c62144	1
q62374	c62145	1
q62375	c62146	1
q62376	c1557	1
q62377	c1559	1
q62378	c62147	1
q62379	c62148	1
q62380	c62149	1
q62381	c62150	1
q62382	c62151	1
q62383	c1564	1
q62384	c1566	1
q62385	c1567	1
q62386	c62152	1
q62387	c1563	1
q62388	c62153	1
q62389	c62154	1
q62390	c62155	1
q62391	c1571	1
q62392	c1572	1
q62393	c62156	1
q62394	c62157	1
q62395	c1576	1
q62396	c62158	1
q62397	c1578	1
q62398	c62159	1
q62399	c62160	1
q62400	c62161	1
q62401	c62162	1
q62402	c62163	1
q62403	c62164	1
q62404	c62165	1
q62405	c62166	1
q62406	c62167	1
q62407	c62168	1
q62408	c62169	1
q62409	c62170	1
q62410	c62171	1
q62411	c1602	1
q62412	c62172	1
q62413	c1603	1
q62414	c62173	1
q62415	c1604	1
q62416	c62174	1
q62417	c62175	1
q62418	c62176	1
q62419	c62177	1
q62420	c62178	1
q62421	c62179	1
q62422	c62180	1
q62423	c62181	1
q62424	c62182	1
q62425	c62183	1
q62426	c62184	1
q62427	c62185	1
q62428	c62186	1
q62429	c62187	1
q62430	c62188	1
q62431	c62189	1
q62432	c62190	1
q62433	c62191	1
q62434	c62192	1
q62435	c62193	1
q62436	c62194	1
q62437	c62195	1
q62438	c31373	1
q62439	c31374	1
q62440	c62196	1
q62441	c62197	1
q62442	c62198	1
q62443	c31385	1
q62444	c62199	1
q62445	c62200	1
q62446	c62201	1
q62447	c62202	1
q62448	c62203	1
q62449	c62204	1
q62450	c62205	1
q62451	c62206	1
q62452	c62207	1
q62453	c62208	1
q62454	c62209	1
q62455	c62210	1
q62456	c62211	1
q62457	c62212	1
q62458	c62213	1
q62459	c62214	1
q62460	c62215	1
q62461	c62216	1
q62462	c62217	1
q62463	c62218	1
q62464	c62219	1
q62465	c62220	1
q62466	c62221	1
q62467	c62222	1
q62468	c62223	1
q62469	c62224	1
q62470	c62225	1
q62471	c62226	1
q62472	c62227	1
q62473	c62228	1
q62474	c62229	1
q62475	c62230	1
q62476	c62231	1
q62477	c62232	1
q62478	c62233	1
q62479	c62234	1
q62480	c62235	1
q62481	c62236	1
q62482	c3863	1
q62483	c62237	1
q62484	c62238	1
q62485	c62239	1
q62486	c62240	1
q62487	c62241	1
q62488	c62242	1
q62489	c62243	1
q62490	c62244	1
q62491	c62245	1
q62492	c62246	1
q62493	c62247	1
q62494	c62248	1
q62495	c62249	1
q62496	c62250	1
q62497	c62251	1
q62498	c62252	1
q62499	c62253	1
q62500	c62254	1
q62501	c62255	1
q62502	c62256	1
q62503	c62257	1
q62504	c62258	1
q62505	c62259	1
q62506	c62260	1
q62507	c23164	1
q62508	c23166	1
q62509	c44545	1
q62510	c62261	1
q62511	c44543	1
q62512	c23173	1
q62513	c62262	1
q62514	c62263	1
q62515	c62264	1
q62516	c62265	1
q62517	c62266	1
q62518	c62267	1
q62519	c62268	1
q62520	c62269	1
q62521	c62270	1
q62522	c62271	1
q62523	c62272	1
q62524	c62273	1
q62525	c62274	1
q62526	c62275	1
q62527	c62276	1
q62528	c62277	1
q62529	c62278	1
q62530	c62279	1
q62531	c62280	1
q62532	c62281	1
q62533	c62282	1
q62534	c62283	1
q62535	c62284	1
q62536	c62285	1
q62537	c62286	1
q62538	c62287	1
q62539	c62288	1
q62540	c62289	1
q62541	c62290	1
q62542	c62291	1
q62543	c62292	1
q62544	c62293	1
q62545	c62294	1
q62546	c62295	1
q62547	c62296	1
q62548	c62297	1
q62549	c62298	1
q62550	c6888	1
q62551	c62299	1
q62552	c62300	1
q62553	c62301	1
q62554	c62302	1
q62555	c62303	1
q62556	c62304	1
q62557	c62305	1
q62558	c62306	1
q62559	c62307	1
q62560	c62308	1
q62561	c62309	1
q62562	c62310	1
q62563	c62311	1
q62564	c62312	1
q62565	c62313	1
q62566	c62314	1
q62567	c62315	1
q62568	c62316	1
q62569	c62317	1
q62570	c62318	1
q62571	c62319	1
q62572	c62320	1
q62573	c62321	1
q62574	c62322	1
q62575	c62323	1
q62576	c62324	1
q62577	c62325	1
q62578	c62326	1
q62579	c62327	1
q62580	c62328	1
q62581	c62329	1
q62582	c62330	1
q62583	c62331	1
q62584	c62332	1
q62585	c62333	1
q62586	c62334	1
q62587	c62335	1
q62588	c62336	1
q62589	c62337	1
q62590	c62338	1
q62591	c62339	1
q62592	c62340	1
q62593	c62341	1
q62594	c62342	1
q62595	c62343	1
q62596	c62344	1
q62597	c62345	1
q62598	c62346	1
q62599	c62347	1
q62600	c62348	1
q62601	c62349	1
q62602	c62350	1
q62603	c62351	1
q62604	c62352	1
q62605	c62353	1
q62606	c62354	1
q62607	c62355	1
q62608	c62356	1
q62609	c62357	1
q62610	c62358	1
q62611	c62359	1
q62612	c62360	1
q62613	c62361	1
q62614	c62362	1
q62615	c62363	1
q62616	c62364	1
q62617	c62365	1
q62618	c62366	1
q62619	c62367	1
q62620	c62368	1
q62621	c62369	1
q62622	c62370	1
q62623	c62371	1
q62624	c62372	1
q62625	c62373	1
q62626	c62374	1
q62627	c62375	1
q62628	c62376	1
q62629	c62377	1
q62630	c62378	1
q62631	c62379	1
q62632	c62380	1
q62633	c62381	1
q62634	c62382	1
q62635	c62383	1
q62636	c62384	1
q62637	c62385	1
q62638	c62386	1
q62639	c62387	1
q62640	c62388	1
q62641	c62389	1
q62642	c48168	1
q62643	c62390	1
q62644	c62391	1
q62645	c48171	1
q62646	c62392	1
q62647	c48164	1
q62648	c62393	1
q62649	c62394	1
q62650	c62395	1
q62651	c62396	1
q62652	c62397	1
q62653	c62398	1
q62654	c62399	1
q62655	c62400	1
q62656	c62401	1
q62657	c48162	1
q62658	c62402	1
q62659	c62403	1
q62660	c62404	1
q62661	c62405	1
q62662	c62406	1
q62663	c62407	1
q62664	c62408	1
q62665	c62409	1
q62666	c62410	1
q62667	c62411	1
q62668	c62412	1
q62669	c62413	1
q62670	c62414	1
q62671	c62415	1
q62672	c62416	1
q62673	c62417	1
q62674	c62418	1
q62675	c62419	1
q62676	c62420	1
q62677	c62421	1
q62678	c62422	1
q62679	c62423	1
q62680	c62424	1
q62681	c62425	1
q62682	c62426	1
q62683	c62427	1
q62684	c62428	1
q62685	c62429	1
q62686	c62430	1
q62687	c62431	1
q62688	c62432	1
q62689	c62433	1
q62690	c62434	1
q62691	c62435	1
q62692	c62436	1
q62693	c62437	1
q62694	c62438	1
q62695	c62439	1
q62696	c62440	1
q62697	c62441	1
q62698	c62442	1
q62699	c62443	1
q62700	c62444	1
q62701	c62445	1
q62702	c62446	1
q62703	c62447	1
q62704	c62448	1
q62705	c62449	1
q62706	c62450	1
q62707	c62451	1
q62708	c62452	1
q62709	c62453	1
q62710	c62454	1
q62711	c62455	1
q62712	c62456	1
q62713	c62457	1
q62714	c62458	1
q62715	c62459	1
q62716	c62460	1
q62717	c62461	1
q62718	c62462	1
q62719	c62463	1
q62720	c62464	1
q62721	c62465	1
q62722	c62466	1
q62723	c62467	1
q62724	c62468	1
q62725	c62469	1
q62726	c62470	1
q62727	c62471	1
q62728	c62472	1
q62729	c62473	1
q62730	c62474	1
q62731	c62475	1
q62732	c62476	1
q62733	c62477	1
q62734	c62478	1
q62735	c62479	1
q62736	c62480	1
q62737	c62481	1
q62738	c62482	1
q62739	c62483	1
q62740	c62484	1
q62741	c62485	1
q62742	c62486	1
q62743	c62487	1
q62744	c62488	1
q62745	c62489	1
q62746	c62490	1
q62747	c62491	1
q62748	c62492	1
q62749	c62493	1
q62750	c62494	1
q62751	c62495	1
q62752	c62496	1
q62753	c62497	1
q62754	c62498	1
q62755	c62499	1
q62756	c62500	1
q62757	c62501	1
q62758	c62502	1
q62759	c58820	1
q62760	c38523	1
q62761	c62503	1
q62762	c62504	1
q62763	c62505	1
q62764	c62506	1
q62765	c62507	1
q62766	c62508	1
q62767	c62509	1
q62768	c62510	1
q62769	c62511	1
q62770	c62512	1
q62771	c62513	1
q62772	c62514	1
q62773	c62515	1
q62774	c62516	1
q62775	c62517	1
q62776	c62518	1
q62777	c62519	1
q62778	c62520	1
q62779	c62521	1
q62780	c62522	1
q62781	c62523	1
q62782	c62524	1
q62783	c62525	1
q62784	c62526	1
q62785	c62527	1
q62786	c62528	1
q62787	c62529	1
q62788	c62530	1
q62789	c62531	1
q62790	c62532	1
q62791	c62533	1
q62792	c62534	1
q62793	c62535	1
q62794	c62536	1
q62795	c62537	1
q62796	c62538	1
q62797	c62539	1
q62798	c62540	1
q62799	c62541	1
q62800	c62542	1
q62801	c62543	1
q62802	c62544	1
q62803	c62545	1
q62804	c62546	1
q62805	c62547	1
q62806	c62548	1
q62807	c62549	1
q62808	c62550	1
q62809	c62551	1
q62810	c62552	1
q62811	c62553	1
q62812	c62554	1
q62813	c62555	1
q62814	c62556	1
q62815	c62557	1
q62816	c62558	1
q62817	c62559	1
q62818	c62560	1
q62819	c62561	1
q62820	c62562	1
q62821	c62563	1
q62822	c62564	1
q62823	c62565	1
q62824	c62566	1
q62825	c62567	1
q62826	c62568	1
q62827	c62569	1
q62828	c62570	1
q62829	c62571	1
q62830	c62572	1
q62831	c62573	1
q62832	c62574	1
q62833	c62575	1
q62834	c62576	1
q62835	c62577	1
q62836	c62578	1
q62837	c62579	1
q62838	c62580	1
q62839	c62581	1
q62840	c62582	1
q62841	c62583	1
q62842	c62584	1
q62843	c51815	1
q62844	c62585	1
q62845	c62586	1
q62846	c62587	1
q62847	c62588	1
q62848	c62589	1
q62849	c62590	1
q62850	c62591	1
q62851	c62592	1
q62852	c62593	1
q62853	c62594	1
q62854	c62595	1
q62855	c62596	1
q62856	c62597	1
q62857	c62598	1
q62858	c62599	1
q62859	c62600	1
q62860	c62601	1
q62861	c62602	1
q62862	c62603	1
q62863	c62604	1
q62864	c62605	1
q62865	c62606	1
q62866	c62607	1
q62867	c62608	1
q62868	c62609	1
q62869	c62610	1
q62870	c62611	1
q62871	c62612	1
q62872	c62613	1
q62873	c62614	1
q62874	c62615	1
q62875	c62616	1
q62876	c62617	1
q62877	c62618	1
q62878	c62619	1
q62879	c62620	1
q62880	c62621	1
q62881	c62622	1
q62882	c62623	1
q62883	c62624	1
q62884	c62625	1
q62885	c62626	1
q62886	c62627	1
q62887	c62628	1
q62888	c62629	1
q62889	c62630	1
q62890	c62631	1
q62891	c62632	1
q62892	c62633	1
q62893	c62634	1
q62894	c62635	1
q62895	c62636	1
q62896	c62637	1
q62897	c62638	1
q62898	c62639	1
q62899	c62640	1
q62900	c62641	1
q62901	c62642	1
q62902	c62643	1
q62903	c62644	1
q62904	c62645	1
q62905	c62646	1
q62906	c62647	1
q62907	c62648	1
q62908	c62649	1
q62909	c62650	1
q62910	c62651	1
q62911	c62652	1
q62912	c62653	1
q62913	c62654	1
q62914	c25300	1
q62915	c62655	1
q62916	c45774	1
q62917	c62656	1
q62918	c62657	1
q62919	c62658	1
q62920	c62659	1
q62921	c62660	1
q62922	c62661	1
q62923	c62662	1
q62924	c62663	1
q62925	c62664	1
q62926	c62665	1
q62927	c62666	1
q62928	c62667	1
q62929	c62668	1
q62930	c62669	1
q62931	c62670	1
q62932	c62671	1
q62933	c62672	1
q62934	c62673	1
q62935	c62674	1
q62936	c62675	1
q62937	c62676	1
q62938	c62677	1
q62939	c62678	1
q62940	c62679	1
q62941	c62680	1
q62942	c62681	1
q62943	c62682	1
q62944	c62683	1
q62945	c62684	1
q62946	c62685	1
q62947	c62686	1
q62948	c62687	1
q62949	c62688	1
q62950	c62689	1
q62951	c62690	1
q62952	c62691	1
q62953	c62692	1
q62954	c62693	1
q62955	c62694	1
q62956	c62695	1
q62957	c62696	1
q62958	c62697	1
q62959	c25382	1
q62960	c62698	1
q62961	c60529	1
q62962	c62699	1
q62963	c62700	1
q62964	c62701	1
q62965	c62702	1
q62966	c62703	1
q62967	c62704	1
q62968	c62705	1
q62969	c62706	1
q62970	c62707	1
q62971	c62708	1
q62972	c62709	1
q62973	c62710	1
q62974	c62711	1
q62975	c62712	1
q62976	c62713	1
q62977	c62714	1
q62978	c62715	1
q62979	c62716	1
q62980	c62717	1
q62981	c62718	1
q62982	c62719	1
q62983	c62720	1
q62984	c62721	1
q62985	c62722	1
q62986	c3095	1
q62987	c3096	1
q62988	c62723	1
q62989	c3097	1
q62990	c62724	1
q62991	c62725	1
q62992	c62726	1
q62993	c3101	1
q62994	c62727	1
q62995	c62728	1
q62996	c62729	1
q62997	c62730	1
q62998	c62731	1
q62999	c3077	1
q63000	c3078	1
q63001	c3079	1
q63002	c62732	1
q63003	c3081	1
q63004	c62733	1
q63005	c62734	1
q63006	c62735	1
q63007	c62736	1
q63008	c62737	1
q63009	c62738	1
q63010	c62739	1
q63011	c62740	1
q63012	c62741	1
q63013	c62742	1
q63014	c62743	1
q63015	c62744	1
q63016	c62745	1
q63017	c62746	1
q63018	c62747	1
q63019	c62748	1
q63020	c62749	1
q63021	c3120	1
q63022	c3118	1
q63023	c62750	1
q63024	c62751	1
q63025	c62752	1
q63026	c3115	1
q63027	c62753	1
q63028	c62754	1
q63029	c62755	1
q63030	c62756	1
q63031	c62757	1
q63032	c62758	1
q63033	c62759	1
q63034	c62760	1
q63035	c62761	1
q63036	c62762	1
q63037	c3123	1
q63038	c62763	1
q63039	c62764	1
q63040	c62765	1
q63041	c62766	1
q63042	c62767	1
q63043	c62768	1
q63044	c62769	1
q63045	c62770	1
q63046	c62771	1
q63047	c62772	1
q63048	c62773	1
q63049	c62774	1
q63050	c62775	1
q63051	c62776	1
q63052	c62777	1
q63053	c62778	1
q63054	c62779	1
q63055	c62780	1
q63056	c62781	1
q63057	c53605	1
q63058	c62782	1
q63059	c62783	1
q63060	c3126	1
q63061	c3127	1
q63062	c62784	1
q63063	c62785	1
q63064	c62786	1
q63065	c62787	1
q63066	c62788	1
q63067	c62789	1
q63068	c62790	1
q63069	c62791	1
q63070	c62792	1
q63071	c62793	1
q63072	c62794	1
q63073	c62795	1
q63074	c62796	1
q63075	c62797	1
q63076	c62798	1
q63077	c62799	1
q63078	c62800	1
q63079	c62801	1
q63080	c62802	1
q63081	c62803	1
q63082	c62804	1
q63083	c62805	1
q63084	c62806	1
q63085	c62807	1
q63086	c62808	1
q63087	c62809	1
q63088	c62810	1
q63089	c3085	1
q63090	c62811	1
q63091	c62812	1
q63092	c3086	1
q63093	c62813	1
q63094	c62814	1
q63095	c62815	1
q63096	c53595	1
q63097	c62816	1
q63098	c62817	1
q63099	c62818	1
q63100	c62819	1
q63101	c62820	1
q63102	c62821	1
q63103	c62822	1
q63104	c62823	1
q63105	c62824	1
q63106	c62825	1
q63107	c62826	1
q63108	c62827	1
q63109	c62828	1
q63110	c62829	1
q63111	c62830	1
q63112	c62831	1
q63113	c62832	1
q63114	c62833	1
q63115	c62834	1
q63116	c62835	1
q63117	c62836	1
q63118	c62837	1
q63119	c62838	1
q63120	c62839	1
q63121	c62840	1
q63122	c62841	1
q63123	c62842	1
q63124	c62843	1
q63125	c62844	1
q63126	c62845	1
q63127	c62846	1
q63128	c62847	1
q63129	c62848	1
q63130	c62849	1
q63131	c62850	1
q63132	c62851	1
q63133	c62852	1
q63134	c62853	1
q63135	c62854	1
q63136	c62855	1
q63137	c62856	1
q63138	c62857	1
q63139	c62858	1
q63140	c62859	1
q63141	c62860	1
q63142	c62861	1
q63143	c62862	1
q63144	c62863	1
q63145	c62864	1
q63146	c62865	1
q63147	c62866	1
q63148	c62867	1
q63149	c62868	1
q63150	c62869	1
q63151	c62870	1
q63152	c62871	1
q63153	c62872	1
q63154	c62873	1
q63155	c62874	1
q63156	c62875	1
q63157	c62876	1
q63158	c62877	1
q63159	c62878	1
q63160	c62879	1
q63161	c62880	1
q63162	c62881	1
q63163	c62882	1
q63164	c62883	1
q63165	c62884	1
q63166	c62885	1
q63167	c62886	1
q63168	c62887	1
q63169	c62888	1
q63170	c62889	1
q63171	c62890	1
q63172	c62891	1
q63173	c62892	1
q63174	c62893	1
q63175	c62894	1
q63176	c62895	1
q63177	c62896	1
q63178	c62897	1
q63179	c62898	1
q63180	c62899	1
q63181	c62900	1
q63182	c62901	1
q63183	c62902	1
q63184	c62903	1
q63185	c62904	1
q63186	c62905	1
q63187	c62906	1
q63188	c62907	1
q63189	c62908	1
q63190	c62909	1
q63191	c62910	1
q63192	c60054	1
q63193	c62911	1
q63194	c62912	1
q63195	c62913	1
q63196	c62914	1
q63197	c24499	1
q63198	c62915	1
q63199	c62916	1
q63200	c62917	1
q63201	c62918	1
q63202	c62919	1
q63203	c62920	1
q63204	c62921	1
q63205	c62922	1
q63206	c62923	1
q63207	c62924	1
q63208	c62925	1
q63209	c62926	1
q63210	c62927	1
q63211	c62928	1
q63212	c62929	1
q63213	c62930	1
q63214	c62931	1
q63215	c62932	1
q63216	c62933	1
q63217	c62934	1
q63218	c62935	1
q63219	c62936	1
q63220	c62937	1
q63221	c62938	1
q63222	c62939	1
q63223	c62940	1
q63224	c62941	1
q63225	c62942	1
q63226	c62943	1
q63227	c62944	1
q63228	c62945	1
q63229	c62946	1
q63230	c62947	1
q63231	c62948	1
q63232	c62949	1
q63233	c62950	1
q63234	c62951	1
q63235	c62952	1
q63236	c62953	1
q63237	c62954	1
q63238	c62955	1
q63239	c62956	1
q63240	c62957	1
q63241	c62958	1
q63242	c62959	1
q63243	c62960	1
q63244	c62961	1
q63245	c62962	1
q63246	c62963	1
q63247	c62964	1
q63248	c62965	1
q63249	c62966	1
q63250	c62967	1
q63251	c62968	1
q63252	c62969	1
q63253	c62970	1
q63254	c62971	1
q63255	c62972	1
q63256	c62973	1
q63257	c62974	1
q63258	c62975	1
q63259	c62976	1
q63260	c62977	1
q63261	c62978	1
q63262	c62979	1
q63263	c50938	1
q63264	c15235	1
q63265	c62980	1
q63266	c62981	1
q63267	c62982	1
q63268	c62983	1
q63269	c62984	1
q63270	c62985	1
q63271	c62986	1
q63272	c62987	1
q63273	c62988	1
q63274	c62989	1
q63275	c62990	1
q63276	c62991	1
q63277	c62992	1
q63278	c62993	1
q63279	c62994	1
q63280	c62995	1
q63281	c62996	1
q63282	c62997	1
q63283	c62998	1
q63284	c62999	1
q63285	c63000	1
q63286	c63001	1
q63287	c63002	1
q63288	c63003	1
q63289	c63004	1
q63290	c63005	1
q63291	c63006	1
q63292	c63007	1
q63293	c63008	1
q63294	c63009	1
q63295	c63010	1
q63296	c63011	1
q63297	c63012	1
q63298	c63013	1
q63299	c63014	1
q63300	c63015	1
q63301	c63016	1
q63302	c63017	1
q63303	c63018	1
q63304	c63019	1
q63305	c63020	1
q63306	c63021	1
q63307	c63022	1
q63308	c63023	1
q63309	c63024	1
q63310	c63025	1
q63311	c63026	1
q63312	c63027	1
q63313	c63028	1
q63314	c63029	1
q63315	c63030	1
q63316	c63031	1
q63317	c63032	1
q63318	c63033	1
q63319	c63034	1
q63320	c63035	1
q63321	c63036	1
q63322	c63037	1
q63323	c63038	1
q63324	c63039	1
q63325	c63040	1
q63326	c63041	1
q63327	c63042	1
q63328	c63043	1
q63329	c63044	1
q63330	c63045	1
q63331	c63046	1
q63332	c63047	1
q63333	c63048	1
q63334	c63049	1
q63335	c63050	1
q63336	c63051	1
q63337	c63052	1
q63338	c63053	1
q63339	c63054	1
q63340	c63055	1
q63341	c63056	1
q63342	c63057	1
q63343	c63058	1
q63344	c63059	1
q63345	c2042	1
q63346	c63060	1
q63347	c63061	1
q63348	c63062	1
q63349	c63063	1
q63350	c63064	1
q63351	c63065	1
q63352	c63066	1
q63353	c63067	1
q63354	c63068	1
q63355	c63069	1
q63356	c2022	1
q63357	c63070	1
q63358	c2025	1
q63359	c2027	1
q63360	c2028	1
q63361	c63071	1
q63362	c63072	1
q63363	c63073	1
q63364	c63074	1
q63365	c63075	1
q63366	c63076	1
q63367	c63077	1
q63368	c63078	1
q63369	c63079	1
q63370	c63080	1
q63371	c63081	1
q63372	c63082	1
q63373	c63083	1
q63374	c63084	1
q63375	c63085	1
q63376	c63086	1
q63377	c63087	1
q63378	c63088	1
q63379	c63089	1
q63380	c63090	1
q63381	c63091	1
q63382	c63092	1
q63383	c63093	1
q63384	c63094	1
q63385	c63095	1
q63386	c63096	1
q63387	c63097	1
q63388	c63098	1
q63389	c63099	1
q63390	c63100	1
q63391	c63101	1
q63392	c63102	1
q63393	c63103	1
q63394	c63104	1
q63395	c63105	1
q63396	c63106	1
q63397	c63107	1
q63398	c63108	1
q63399	c63109	1
q63400	c63110	1
q63401	c63111	1
q63402	c63112	1
q63403	c63113	1
q63404	c63114	1
q63405	c63115	1
q63406	c63116	1
q63407	c63117	1
q63408	c63118	1
q63409	c63119	1
q63410	c63120	1
q63411	c63121	1
q63412	c63122	1
q63413	c63123	1
q63414	c63124	1
q63415	c63125	1
q63416	c63126	1
q63417	c63127	1
q63418	c63128	1
q63419	c63129	1
q63420	c63130	1
q63421	c63131	1
q63422	c63132	1
q63423	c63133	1
q63424	c63134	1
q63425	c63135	1
q63426	c63136	1
q63427	c63137	1
q63428	c63138	1
q63429	c63139	1
q63430	c63140	1
q63431	c63141	1
q63432	c63142	1
q63433	c63143	1
q63434	c63144	1
q63435	c63145	1
q63436	c63146	1
q63437	c63147	1
q63438	c63148	1
q63439	c63149	1
q63440	c63150	1
q63441	c63151	1
q63442	c63152	1
q63443	c63153	1
q63444	c63154	1
q63445	c63155	1
q63446	c63156	1
q63447	c63157	1
q63448	c63158	1
q63449	c63159	1
q63450	c63160	1
q63451	c63161	1
q63452	c63162	1
q63453	c63163	1
q63454	c63164	1
q63455	c63165	1
q63456	c63166	1
q63457	c63167	1
q63458	c63168	1
q63459	c63169	1
q63460	c63170	1
q63461	c63171	1
q63462	c63172	1
q63463	c63173	1
q63464	c63174	1
q63465	c63175	1
q63466	c63176	1
q63467	c63177	1
q63468	c63178	1
q63469	c63179	1
q63470	c63180	1
q63471	c63181	1
q63472	c63182	1
q63473	c63183	1
q63474	c63184	1
q63475	c63185	1
q63476	c63186	1
q63477	c63187	1
q63478	c63188	1
q63479	c63189	1
q63480	c63190	1
q63481	c63191	1
q63482	c63192	1
q63483	c63193	1
q63484	c63194	1
q63485	c63195	1
q63486	c63196	1
q63487	c63197	1
q63488	c63198	1
q63489	c63199	1
q63490	c63200	1
q63491	c63201	1
q63492	c63202	1
q63493	c63203	1
q63494	c63204	1
q63495	c63205	1
q63496	c63206	1
q63497	c63207	1
q63498	c63208	1
q63499	c63209	1
q63500	c63210	1
q63501	c63211	1
q63502	c63212	1
q63503	c63213	1
q63504	c1257	1
q63505	c63214	1
q63506	c63215	1
q63507	c63216	1
q63508	c63217	1
q63509	c63218	1
q63510	c63219	1
q63511	c63220	1
q63512	c63221	1
q63513	c63222	1
q63514	c63223	1
q63515	c63224	1
q63516	c63225	1
q63517	c63226	1
q63518	c63227	1
q63519	c63228	1
q63520	c63229	1
q63521	c63230	1
q63522	c63231	1
q63523	c63232	1
q63524	c63233	1
q63525	c63234	1
q63526	c63235	1
q63527	c63236	1
q63528	c63237	1
q63529	c63238	1
q63530	c63239	1
q63531	c63240	1
q63532	c63241	1
q63533	c63242	1
q63534	c63243	1
q63535	c63244	1
q63536	c63245	1
q63537	c63246	1
q63538	c63247	1
q63539	c63248	1
q63540	c63249	1
q63541	c63250	1
q63542	c63251	1
q63543	c63252	1
q63544	c63253	1
q63545	c63254	1
q63546	c63255	1
q63547	c63256	1
q63548	c63257	1
q63549	c63258	1
q63550	c63259	1
q63551	c63260	1
q63552	c63261	1
q63553	c63262	1
q63554	c63263	1
q63555	c63264	1
q63556	c63265	1
q63557	c63266	1
q63558	c63267	1
q63559	c63268	1
q63560	c63269	1
q63561	c63270	1
q63562	c63271	1
q63563	c63272	1
q63564	c63273	1
q63565	c63274	1
q63566	c63275	1
q63567	c63276	1
q63568	c63277	1
q63569	c63278	1
q63570	c63279	1
q63571	c63280	1
q63572	c63281	1
q63573	c63282	1
q63574	c63283	1
q63575	c63284	1
q63576	c63285	1
q63577	c63286	1
q63578	c63287	1
q63579	c63288	1
q63580	c63289	1
q63581	c63290	1
q63582	c63291	1
q63583	c63292	1
q63584	c63293	1
q63585	c63294	1
q63586	c63295	1
q63587	c63296	1
q63588	c63297	1
q63589	c63298	1
q63590	c63299	1
q63591	c63300	1
q63592	c63301	1
q63593	c63302	1
q63594	c63303	1
q63595	c27086	1
q63596	c63304	1
q63597	c63305	1
q63598	c63306	1
q63599	c63307	1
q63600	c63308	1
q63601	c63309	1
q63602	c63310	1
q63603	c63311	1
q63604	c63312	1
q63605	c63313	1
q63606	c63314	1
q63607	c63315	1
q63608	c63316	1
q63609	c63317	1
q63610	c63318	1
q63611	c63319	1
q63612	c63320	1
q63613	c63321	1
q63614	c63322	1
q63615	c63323	1
q63616	c63324	1
q63617	c63325	1
q63618	c63326	1
q63619	c63327	1
q63620	c21621	1
q63621	c9000	1
q63622	c27129	1
q63623	c27130	1
q63624	c9003	1
q63625	c63328	1
q63626	c63329	1
q63627	c63330	1
q63628	c63331	1
q63629	c63332	1
q63630	c63333	1
q63631	c63334	1
q63632	c63335	1
q63633	c63336	1
q63634	c63337	1
q63635	c63338	1
q63636	c63339	1
q63637	c63340	1
q63638	c63341	1
q63639	c63342	1
q63640	c63343	1
q63641	c46246	1
q63642	c63344	1
q63643	c63345	1
q63644	c63346	1
q63645	c63347	1
q63646	c63348	1
q63647	c63349	1
q63648	c63350	1
q63649	c63351	1
q63650	c63352	1
q63651	c63353	1
q63652	c63354	1
q63653	c63355	1
q63654	c63356	1
q63655	c63357	1
q63656	c63358	1
q63657	c63359	1
q63658	c63360	1
q63659	c63361	1
q63660	c63362	1
q63661	c63363	1
q63662	c63364	1
q63663	c63365	1
q63664	c63366	1
q63665	c63367	1
q63666	c63368	1
q63667	c63369	1
q63668	c63370	1
q63669	c63371	1
q63670	c63372	1
q63671	c63373	1
q63672	c63374	1
q63673	c63375	1
q63674	c63376	1
q63675	c63377	1
q63676	c63378	1
q63677	c63379	1
q63678	c63380	1
q63679	c63381	1
q63680	c63382	1
q63681	c63383	1
q63682	c63384	1
q63683	c63385	1
q63684	c63386	1
q63685	c63387	1
q63686	c63388	1
q63687	c63389	1
q63688	c63390	1
q63689	c63391	1
q63690	c63392	1
q63691	c63393	1
q63692	c63394	1
q63693	c63395	1
q63694	c63396	1
q63695	c63397	1
q63696	c63398	1
q63697	c63399	1
q63698	c63400	1
q63699	c63401	1
q63700	c63402	1
q63701	c63403	1
q63702	c63404	1
q63703	c63405	1
q63704	c63406	1
q63705	c63407	1
q63706	c63408	1
q63707	c63409	1
q63708	c63410	1
q63709	c63411	1
q63710	c63412	1
q63711	c63413	1
q63712	c63414	1
q63713	c63415	1
q63714	c63416	1
q63715	c63417	1
q63716	c63418	1
q63717	c63419	1
q63718	c63420	1
q63719	c63421	1
q63720	c63422	1
q63721	c63423	1
q63722	c63424	1
q63723	c63425	1
q63724	c63426	1
q63725	c63427	1
q63726	c63428	1
q63727	c63429	1
q63728	c63430	1
q63729	c63431	1
q63730	c63432	1
q63731	c63433	1
q63732	c63434	1
q63733	c63435	1
q63734	c63436	1
q63735	c63437	1
q63736	c63438	1
q63737	c63439	1
q63738	c63440	1
q63739	c63441	1
q63740	c63442	1
q63741	c63443	1
q63742	c63444	1
q63743	c63445	1
q63744	c63446	1
q63745	c63447	1
q63746	c63448	1
q63747	c63449	1
q63748	c63450	1
q63749	c63451	1
q63750	c63452	1
q63751	c63453	1
q63752	c63454	1
q63753	c63455	1
q63754	c63456	1
q63755	c63457	1
q63756	c63458	1
q63757	c63459	1
q63758	c63460	1
q63759	c63461	1
q63760	c63462	1
q63761	c63463	1
q63762	c63464	1
q63763	c63465	1
q63764	c63466	1
q63765	c63467	1
q63766	c63468	1
q63767	c63469	1
q63768	c63470	1
q63769	c63471	1
q63770	c63472	1
q63771	c63473	1
q63772	c63474	1
q63773	c63475	1
q63774	c63476	1
q63775	c63477	1
q63776	c63478	1
q63777	c63479	1
q63778	c63480	1
q63779	c63481	1
q63780	c63482	1
q63781	c63483	1
q63782	c63484	1
q63783	c63485	1
q63784	c63486	1
q63785	c63487	1
q63786	c63488	1
q63787	c63489	1
q63788	c63490	1
q63789	c63491	1
q63790	c63492	1
q63791	c63493	1
q63792	c63494	1
q63793	c63495	1
q63794	c63496	1
q63795	c63497	1
q63796	c63498	1
q63797	c63499	1
q63798	c32115	1
q63799	c63500	1
q63800	c63501	1
q63801	c63502	1
q63802	c63503	1
q63803	c63504	1
q63804	c63505	1
q63805	c63506	1
q63806	c63507	1
q63807	c63508	1
q63808	c63509	1
q63809	c63510	1
q63810	c63511	1
q63811	c63512	1
q63812	c63513	1
q63813	c63514	1
q63814	c63515	1
q63815	c63516	1
q63816	c63517	1
q63817	c63518	1
q63818	c63519	1
q63819	c63520	1
q63820	c63521	1
q63821	c63522	1
q63822	c63523	1
q63823	c63524	1
q63824	c63525	1
q63825	c63526	1
q63826	c63527	1
q63827	c63528	1
q63828	c63529	1
q63829	c63530	1
q63830	c63531	1
q63831	c63532	1
q63832	c63533	1
q63833	c63534	1
q63834	c63535	1
q63835	c63536	1
q63836	c63537	1
q63837	c63538	1
q63838	c63539	1
q63839	c63540	1
q63840	c63541	1
q63841	c63542	1
q63842	c63543	1
q63843	c63544	1
q63844	c63545	1
q63845	c63546	1
q63846	c63547	1
q63847	c63548	1
q63848	c63549	1
q63849	c63550	1
q63850	c63551	1
q63851	c63552	1
q63852	c63553	1
q63853	c63554	1
q63854	c63555	1
q63855	c63556	1
q63856	c63557	1
q63857	c63558	1
q63858	c63559	1
q63859	c63560	1
q63860	c63561	1
q63861	c63562	1
q63862	c63563	1
q63863	c63564	1
q63864	c63565	1
q63865	c63566	1
q63866	c63567	1
q63867	c63568	1
q63868	c63569	1
q63869	c63570	1
q63870	c63571	1
q63871	c63572	1
q63872	c63573	1
q63873	c63574	1
q63874	c63575	1
q63875	c63576	1
q63876	c63577	1
q63877	c63578	1
q63878	c63579	1
q63879	c63580	1
q63880	c63581	1
q63881	c63582	1
q63882	c63583	1
q63883	c63584	1
q63884	c63585	1
q63885	c63586	1
q63886	c63587	1
q63887	c63588	1
q63888	c63589	1
q63889	c63590	1
q63890	c63591	1
q63891	c63592	1
q63892	c63593	1
q63893	c63594	1
q63894	c63595	1
q63895	c63596	1
q63896	c63597	1
q63897	c63598	1
q63898	c63599	1
q63899	c63600	1
q63900	c63601	1
q63901	c63602	1
q63902	c63603	1
q63903	c63604	1
q63904	c63605	1
q63905	c63606	1
q63906	c63607	1
q63907	c63608	1
q63908	c63609	1
q63909	c63610	1
q63910	c63611	1
q63911	c63612	1
q63912	c63613	1
q63913	c63614	1
q63914	c63615	1
q63915	c63616	1
q63916	c63617	1
q63917	c63618	1
q63918	c63619	1
q63919	c63620	1
q63920	c44964	1
q63921	c63621	1
q63922	c63622	1
q63923	c63623	1
q63924	c63624	1
q63925	c63625	1
q63926	c63626	1
q63927	c63627	1
q63928	c63628	1
q63929	c63629	1
q63930	c6512	1
q63931	c63630	1
q63932	c63631	1
q63933	c63632	1
q63934	c63633	1
q63935	c63634	1
q63936	c63635	1
q63937	c63636	1
q63938	c63637	1
q63939	c63638	1
q63940	c63639	1
q63941	c63640	1
q63942	c63641	1
q63943	c63642	1
q63944	c63643	1
q63945	c63644	1
q63946	c63645	1
q63947	c63646	1
q63948	c63647	1
q63949	c63648	1
q63950	c63649	1
q63951	c63650	1
q63952	c63651	1
q63953	c63652	1
q63954	c63653	1
q63955	c63654	1
q63956	c63655	1
q63957	c63656	1
q63958	c63657	1
q63959	c63658	1
q63960	c63659	1
q63961	c63660	1
q63962	c63661	1
q63963	c22400	1
q63964	c63662	1
q63965	c63663	1
q63966	c63664	1
q63967	c63665	1
q63968	c63666	1
q63969	c63667	1
q63970	c63668	1
q63971	c39422	1
q63972	c63669	1
q63973	c63670	1
q63974	c63671	1
q63975	c63672	1
q63976	c63673	1
q63977	c63674	1
q63978	c63675	1
q63979	c63676	1
q63980	c63677	1
q63981	c63678	1
q63982	c63679	1
q63983	c63680	1
q63984	c63681	1
q63985	c63682	1
q63986	c63683	1
q63987	c63684	1
q63988	c63685	1
q63989	c63686	1
q63990	c63687	1
q63991	c63688	1
q63992	c63689	1
q63993	c63690	1
q63994	c63691	1
q63995	c63692	1
q63996	c63693	1
q63997	c63694	1
q63998	c63695	1
q63999	c63696	1
q64000	c63697	1
q64001	c63698	1
q64002	c63699	1
q64003	c63700	1
q64004	c63701	1
q64005	c63702	1
q64006	c63703	1
q64007	c63704	1
q64008	c63705	1
q64009	c63706	1
q64010	c63707	1
q64011	c63708	1
q64012	c63709	1
q64013	c63710	1
q64014	c63711	1
q64015	c63712	1
q64016	c63713	1
q64017	c63714	1
q64018	c63715	1
q64019	c63716	1
q64020	c63717	1
q64021	c63718	1
q64022	c63719	1
q64023	c63720	1
q64024	c63721	1
q64025	c63722	1
q64026	c63723	1
q64027	c63724	1
q64028	c22629	1
q64029	c22626	1
q64030	c63725	1
q64031	c63726	1
q64032	c63727	1
q64033	c63728	1
q64034	c63729	1
q64035	c63730	1
q64036	c63731	1
q64037	c63732	1
q64038	c63733	1
q64039	c63734	1
q64040	c63735	1
q64041	c63736	1
q64042	c63737	1
q64043	c63738	1
q64044	c63739	1
q64045	c63740	1
q64046	c63741	1
q64047	c63742	1
q64048	c63743	1
q64049	c63744	1
q64050	c63745	1
q64051	c63746	1
q64052	c63747	1
q64053	c63748	1
q64054	c63749	1
q64055	c63750	1
q64056	c63751	1
q64057	c63752	1
q64058	c63753	1
q64059	c63754	1
q64060	c63755	1
q64061	c63756	1
q64062	c63757	1
q64063	c63758	1
q64064	c63759	1
q64065	c63760	1
q64066	c63761	1
q64067	c63762	1
q64068	c63763	1
q64069	c63764	1
q64070	c63765	1
q64071	c63766	1
q64072	c63767	1
q64073	c63768	1
q64074	c63769	1
q64075	c63770	1
q64076	c63771	1
q64077	c63772	1
q64078	c63773	1
q64079	c63774	1
q64080	c63775	1
q64081	c63776	1
q64082	c63777	1
q64083	c63778	1
q64084	c63779	1
q64085	c63780	1
q64086	c63781	1
q64087	c63782	1
q64088	c63783	1
q64089	c63784	1
q64090	c63785	1
q64091	c63786	1
q64092	c63787	1
q64093	c63788	1
q64094	c63789	1
q64095	c63790	1
q64096	c63791	1
q64097	c63792	1
q64098	c63793	1
q64099	c63794	1
q64100	c63795	1
q64101	c63796	1
q64102	c63797	1
q64103	c63798	1
q64104	c63799	1
q64105	c63800	1
q64106	c63801	1
q64107	c63802	1
q64108	c63803	1
q64109	c63804	1
q64110	c63805	1
q64111	c63806	1
q64112	c63807	1
q64113	c63808	1
q64114	c63809	1
q64115	c63810	1
q64116	c63811	1
q64117	c63812	1
q64118	c63813	1
q64119	c63814	1
q64120	c63815	1
q64121	c63816	1
q64122	c63817	1
q64123	c63818	1
q64124	c63819	1
q64125	c63820	1
q64126	c63821	1
q64127	c63822	1
q64128	c63823	1
q64129	c63824	1
q64130	c63825	1
q64131	c63826	1
q64132	c63827	1
q64133	c63828	1
q64134	c63829	1
q64135	c63830	1
q64136	c63831	1
q64137	c63832	1
q64138	c63833	1
q64139	c63834	1
q64140	c63835	1
q64141	c63836	1
q64142	c63837	1
q64143	c63838	1
q64144	c63839	1
q64145	c63840	1
q64146	c63841	1
q64147	c63842	1
q64148	c63843	1
q64149	c63844	1
q64150	c63845	1
q64151	c63846	1
q64152	c43723	1
q64153	c63847	1
q64154	c63848	1
q64155	c63849	1
q64156	c63850	1
q64157	c63851	1
q64158	c63852	1
q64159	c63853	1
q64160	c63854	1
q64161	c63855	1
q64162	c63856	1
q64163	c63857	1
q64164	c63858	1
q64165	c63859	1
q64166	c63860	1
q64167	c63861	1
q64168	c63862	1
q64169	c63863	1
q64170	c63864	1
q64171	c63865	1
q64172	c63866	1
q64173	c63867	1
q64174	c63868	1
q64175	c51359	1
q64176	c63869	1
q64177	c63870	1
q64178	c63871	1
q64179	c63872	1
q64180	c63873	1
q64181	c63874	1
q64182	c63875	1
q64183	c63876	1
q64184	c63877	1
q64185	c63878	1
q64186	c63879	1
q64187	c63880	1
q64188	c63881	1
q64189	c63882	1
q64190	c63883	1
q64191	c63884	1
q64192	c63885	1
q64193	c63886	1
q64194	c63887	1
q64195	c63888	1
q64196	c63889	1
q64197	c63890	1
q64198	c63891	1
q64199	c63892	1
q64200	c63893	1
q64201	c63894	1
q64202	c63895	1
q64203	c63896	1
q64204	c63897	1
q64205	c63898	1
q64206	c63899	1
q64207	c63900	1
q64208	c63901	1
q64209	c63902	1
q64210	c63903	1
q64211	c63904	1
q64212	c63905	1
q64213	c63906	1
q64214	c63907	1
q64215	c63908	1
q64216	c63909	1
q64217	c63910	1
q64218	c63911	1
q64219	c63912	1
q64220	c63913	1
q64221	c63914	1
q64222	c63915	1
q64223	c63916	1
q64224	c63917	1
q64225	c63918	1
q64226	c63919	1
q64227	c63920	1
q64228	c63921	1
q64229	c63922	1
q64230	c63923	1
q64231	c63924	1
q64232	c63925	1
q64233	c63926	1
q64234	c63927	1
q64235	c63928	1
q64236	c63929	1
q64237	c63930	1
q64238	c63931	1
q64239	c63932	1
q64240	c63933	1
q64241	c63934	1
q64242	c63935	1
q64243	c63936	1
q64244	c63937	1
q64245	c63938	1
q64246	c63939	1
q64247	c63940	1
q64248	c63941	1
q64249	c63942	1
q64250	c63943	1
q64251	c63944	1
q64252	c63945	1
q64253	c63946	1
q64254	c63947	1
q64255	c63948	1
q64256	c63949	1
q64257	c63950	1
q64258	c63951	1
q64259	c63952	1
q64260	c63953	1
q64261	c63954	1
q64262	c63955	1
q64263	c63956	1
q64264	c63957	1
q64265	c63958	1
q64266	c63959	1
q64267	c63960	1
q64268	c63961	1
q64269	c63962	1
q64270	c63963	1
q64271	c63964	1
q64272	c63965	1
q64273	c63966	1
q64274	c63967	1
q64275	c63968	1
q64276	c63969	1
q64277	c63970	1
q64278	c63971	1
q64279	c63972	1
q64280	c63973	1
q64281	c63974	1
q64282	c63975	1
q64283	c63976	1
q64284	c63977	1
q64285	c63978	1
q64286	c63979	1
q64287	c63980	1
q64288	c63981	1
q64289	c63982	1
q64290	c63983	1
q64291	c63984	1
q64292	c63985	1
q64293	c63986	1
q64294	c63987	1
q64295	c63988	1
q64296	c63989	1
q64297	c63990	1
q64298	c63991	1
q64299	c63992	1
q64300	c63993	1
q64301	c63994	1
q64302	c63995	1
q64303	c63996	1
q64304	c63997	1
q64305	c63998	1
q64306	c63999	1
q64307	c64000	1
q64308	c64001	1
q64309	c64002	1
q64310	c64003	1
q64311	c64004	1
q64312	c64005	1
q64313	c64006	1
q64314	c64007	1
q64315	c64008	1
q64316	c64009	1
q64317	c64010	1
q64318	c64011	1
q64319	c64012	1
q64320	c56201	1
q64321	c64013	1
q64322	c64014	1
q64323	c64015	1
q64324	c64016	1
q64325	c64017	1
q64326	c64018	1
q64327	c64019	1
q64328	c64020	1
q64329	c64021	1
q64330	c64022	1
q64331	c64023	1
q64332	c64024	1
q64333	c64025	1
q64334	c64026	1
q64335	c64027	1
q64336	c64028	1
q64337	c64029	1
q64338	c50246	1
q64339	c64030	1
q64340	c64031	1
q64341	c64032	1
q64342	c64033	1
q64343	c64034	1
q64344	c64035	1
q64345	c64036	1
q64346	c64037	1
q64347	c64038	1
q64348	c64039	1
q64349	c64040	1
q64350	c64041	1
q64351	c64042	1
q64352	c64043	1
q64353	c64044	1
q64354	c64045	1
q64355	c64046	1
q64356	c64047	1
q64357	c64048	1
q64358	c64049	1
q64359	c64050	1
q64360	c64051	1
q64361	c64052	1
q64362	c64053	1
q64363	c64054	1
q64364	c64055	1
q64365	c64056	1
q64366	c64057	1
q64367	c64058	1
q64368	c64059	1
q64369	c64060	1
q64370	c64061	1
q64371	c6449	1
q64372	c64062	1
q64373	c64063	1
q64374	c64064	1
q64375	c64065	1
q64376	c64066	1
q64377	c64067	1
q64378	c64068	1
q64379	c64069	1
q64380	c64070	1
q64381	c64071	1
q64382	c64072	1
q64383	c64073	1
q64384	c64074	1
q64385	c64075	1
q64386	c64076	1
q64387	c64077	1
q64388	c47925	1
q64389	c10367	1
q64390	c64078	1
q64391	c64079	1
q64392	c64080	1
q64393	c64081	1
q64394	c64082	1
q64395	c64083	1
q64396	c64084	1
q64397	c64085	1
q64398	c64086	1
q64399	c64087	1
q64400	c64088	1
q64401	c64089	1
q64402	c64090	1
q64403	c64091	1
q64404	c64092	1
q64405	c64093	1
q64406	c64094	1
q64407	c64095	1
q64408	c64096	1
q64409	c64097	1
q64410	c64098	1
q64411	c64099	1
q64412	c64100	1
q64413	c64101	1
q64414	c64102	1
q64415	c64103	1
q64416	c64104	1
q64417	c64105	1
q64418	c64106	1
q64419	c64107	1
q64420	c64108	1
q64421	c64109	1
q64422	c64110	1
q64423	c64111	1
q64424	c64112	1
q64425	c64113	1
q64426	c64114	1
q64427	c64115	1
q64428	c64116	1
q64429	c64117	1
q64430	c64118	1
q64431	c20230	1
q64432	c64119	1
q64433	c64120	1
q64434	c64121	1
q64435	c64122	1
q64436	c64123	1
q64437	c64124	1
q64438	c64125	1
q64439	c64126	1
q64440	c64127	1
q64441	c64128	1
q64442	c64129	1
q64443	c64130	1
q64444	c64131	1
q64445	c64132	1
q64446	c64133	1
q64447	c64134	1
q64448	c64135	1
q64449	c64136	1
q64450	c64137	1
q64451	c64138	1
q64452	c64139	1
q64453	c64140	1
q64454	c64141	1
q64455	c64142	1
q64456	c64143	1
q64457	c64144	1
q64458	c64145	1
q64459	c64146	1
q64460	c64147	1
q64461	c64148	1
q64462	c64149	1
q64463	c64150	1
q64464	c64151	1
q64465	c64152	1
q64466	c64153	1
q64467	c64154	1
q64468	c64155	1
q64469	c64156	1
q64470	c64157	1
q64471	c64158	1
q64472	c64159	1
q64473	c64160	1
q64474	c64161	1
q64475	c64162	1
q64476	c64163	1
q64477	c64164	1
q64478	c64165	1
q64479	c64166	1
q64480	c64167	1
q64481	c64168	1
q64482	c64169	1
q64483	c64170	1
q64484	c64171	1
q64485	c64172	1
q64486	c64173	1
q64487	c64174	1
q64488	c64175	1
q64489	c64176	1
q64490	c64177	1
q64491	c64178	1
q64492	c64179	1
q64493	c64180	1
q64494	c64181	1
q64495	c64182	1
q64496	c64183	1
q64497	c64184	1
q64498	c64185	1
q64499	c40449	1
q64500	c64186	1
q64501	c64187	1
q64502	c64188	1
q64503	c64189	1
q64504	c64190	1
q64505	c64191	1
q64506	c64192	1
q64507	c64193	1
q64508	c64194	1
q64509	c64195	1
q64510	c64196	1
q64511	c64197	1
q64512	c64198	1
q64513	c64199	1
q64514	c64200	1
q64515	c64201	1
q64516	c64202	1
q64517	c64203	1
q64518	c64204	1
q64519	c64205	1
q64520	c64206	1
q64521	c64207	1
q64522	c64208	1
q64523	c64209	1
q64524	c64210	1
q64525	c64211	1
q64526	c64212	1
q64527	c64213	1
q64528	c64214	1
q64529	c64215	1
q64530	c64216	1
q64531	c64217	1
q64532	c64218	1
q64533	c64219	1
q64534	c64220	1
q64535	c64221	1
q64536	c64222	1
q64537	c64223	1
q64538	c64224	1
q64539	c64225	1
q64540	c64226	1
q64541	c64227	1
q64542	c64228	1
q64543	c64229	1
q64544	c64230	1
q64545	c64231	1
q64546	c64232	1
q64547	c64233	1
q64548	c64234	1
q64549	c64235	1
q64550	c64236	1
q64551	c64237	1
q64552	c64238	1
q64553	c64239	1
q64554	c64240	1
q64555	c64241	1
q64556	c64242	1
q64557	c64243	1
q64558	c64244	1
q64559	c64245	1
q64560	c64246	1
q64561	c64247	1
q64562	c64248	1
q64563	c64249	1
q64564	c64250	1
q64565	c64251	1
q64566	c64252	1
q64567	c64253	1
q64568	c64254	1
q64569	c64255	1
q64570	c64256	1
q64571	c64257	1
q64572	c64258	1
q64573	c64259	1
q64574	c64260	1
q64575	c10794	1
q64576	c64261	1
q64577	c64262	1
q64578	c64263	1
q64579	c64264	1
q64580	c64265	1
q64581	c64266	1
q64582	c64267	1
q64583	c64268	1
q64584	c64269	1
q64585	c64270	1
q64586	c64271	1
q64587	c64272	1
q64588	c64273	1
q64589	c64274	1
q64590	c64275	1
q64591	c64276	1
q64592	c64277	1
q64593	c64278	1
q64594	c64279	1
q64595	c64280	1
q64596	c64281	1
q64597	c64282	1
q64598	c64283	1
q64599	c64284	1
q64600	c64285	1
q64601	c64286	1
q64602	c64287	1
q64603	c64288	1
q64604	c64289	1
q64605	c64290	1
q64606	c64291	1
q64607	c64292	1
q64608	c64293	1
q64609	c64294	1
q64610	c64295	1
q64611	c64296	1
q64612	c64297	1
q64613	c64298	1
q64614	c64299	1
q64615	c64300	1
q64616	c64301	1
q64617	c64302	1
q64618	c64303	1
q64619	c64304	1
q64620	c64305	1
q64621	c64306	1
q64622	c64307	1
q64623	c64308	1
q64624	c64309	1
q64625	c64310	1
q64626	c64311	1
q64627	c64312	1
q64628	c64313	1
q64629	c64314	1
q64630	c64315	1
q64631	c64316	1
q64632	c64317	1
q64633	c64318	1
q64634	c64319	1
q64635	c64320	1
q64636	c64321	1
q64637	c64322	1
q64638	c64323	1
q64639	c64324	1
q64640	c64325	1
q64641	c64326	1
q64642	c64327	1
q64643	c64328	1
q64644	c64329	1
q64645	c64330	1
q64646	c64331	1
q64647	c64332	1
q64648	c64333	1
q64649	c64334	1
q64650	c64335	1
q64651	c64336	1
q64652	c64337	1
q64653	c64338	1
q64654	c64339	1
q64655	c64340	1
q64656	c64341	1
q64657	c64342	1
q64658	c64343	1
q64659	c64344	1
q64660	c64345	1
q64661	c64346	1
q64662	c64347	1
q64663	c64348	1
q64664	c64349	1
q64665	c64350	1
q64666	c64351	1
q64667	c64352	1
q64668	c64353	1
q64669	c64354	1
q64670	c64355	1
q64671	c64356	1
q64672	c64357	1
q64673	c64358	1
q64674	c64359	1
q64675	c64360	1
q64676	c64361	1
q64677	c64362	1
q64678	c64363	1
q64679	c64364	1
q64680	c64365	1
q64681	c64366	1
q64682	c64367	1
q64683	c64368	1
q64684	c64369	1
q64685	c64370	1
q64686	c64371	1
q64687	c64372	1
q64688	c64373	1
q64689	c64374	1
q64690	c64375	1
q64691	c64376	1
q64692	c64377	1
q64693	c64378	1
q64694	c64379	1
q64695	c64380	1
q64696	c64381	1
q64697	c64382	1
q64698	c64383	1
q64699	c64384	1
q64700	c64385	1
q64701	c64386	1
q64702	c64387	1
q64703	c64388	1
q64704	c64389	1
q64705	c64390	1
q64706	c64391	1
q64707	c64392	1
q64708	c64393	1
q64709	c64394	1
q64710	c64395	1
q64711	c64396	1
q64712	c64397	1
q64713	c64398	1
q64714	c64399	1
q64715	c64400	1
q64716	c64401	1
q64717	c64402	1
q64718	c64403	1
q64719	c64404	1
q64720	c32211	1
q64721	c64405	1
q64722	c64406	1
q64723	c64407	1
q64724	c64408	1
q64725	c64409	1
q64726	c64410	1
q64727	c64411	1
q64728	c13916	1
q64729	c64412	1
q64730	c47722	1
q64731	c64413	1
q64732	c64414	1
q64733	c64415	1
q64734	c64416	1
q64735	c64417	1
q64736	c64418	1
q64737	c64419	1
q64738	c64420	1
q64739	c64421	1
q64740	c21626	1
q64741	c64422	1
q64742	c64423	1
q64743	c64424	1
q64744	c64425	1
q64745	c25409	1
q64746	c25411	1
q64747	c64426	1
q64748	c64427	1
q64749	c64428	1
q64750	c64429	1
q64751	c27930	1
q64752	c27931	1
q64753	c64430	1
q64754	c64431	1
q64755	c27934	1
q64756	c64432	1
q64757	c64433	1
q64758	c64434	1
q64759	c64435	1
q64760	c64436	1
q64761	c4618	1
q64762	c64437	1
q64763	c64438	1
q64764	c64439	1
q64765	c64440	1
q64766	c64441	1
q64767	c64442	1
q64768	c64443	1
q64769	c64444	1
q64770	c64445	1
q64771	c64446	1
q64772	c64447	1
q64773	c64448	1
q64774	c64449	1
q64775	c64450	1
q64776	c64451	1
q64777	c64452	1
q64778	c64453	1
q64779	c64454	1
q64780	c64455	1
q64781	c64456	1
q64782	c64457	1
q64783	c64458	1
q64784	c64459	1
q64785	c64460	1
q64786	c64461	1
q64787	c64462	1
q64788	c64463	1
q64789	c64464	1
q64790	c64465	1
q64791	c64466	1
q64792	c64467	1
q64793	c64468	1
q64794	c64469	1
q64795	c64470	1
q64796	c64471	1
q64797	c64472	1
q64798	c64473	1
q64799	c64474	1
q64800	c64475	1
q64801	c64476	1
q64802	c64477	1
q64803	c64478	1
q64804	c64479	1
q64805	c64480	1
q64806	c64481	1
q64807	c64482	1
q64808	c64483	1
q64809	c64484	1
q64810	c64485	1
q64811	c64486	1
q64812	c64487	1
q64813	c64488	1
q64814	c64489	1
q64815	c64490	1
q64816	c64491	1
q64817	c64492	1
q64818	c64493	1
q64819	c64494	1
q64820	c64495	1
q64821	c64496	1
q64822	c4896	1
q64823	c64497	1
q64824	c64498	1
q64825	c64499	1
q64826	c64500	1
q64827	c64501	1
q64828	c64502	1
q64829	c64503	1
q64830	c64504	1
q64831	c64505	1
q64832	c64506	1
q64833	c32146	1
q64834	c32148	1
q64835	c64507	1
q64836	c32152	1
q64837	c32153	1
q64838	c64508	1
q64839	c64509	1
q64840	c64510	1
q64841	c32158	1
q64842	c64511	1
q64843	c32160	1
q64844	c64512	1
q64845	c64513	1
q64846	c32161	1
q64847	c32162	1
q64848	c32163	1
q64849	c32164	1
q64850	c32165	1
q64851	c64514	1
q64852	c64515	1
q64853	c64516	1
q64854	c64517	1
q64855	c64518	1
q64856	c64519	1
q64857	c64520	1
q64858	c64521	1
q64859	c64522	1
q64860	c64523	1
q64861	c64524	1
q64862	c64525	1
q64863	c64526	1
q64864	c64527	1
q64865	c64528	1
q64866	c64529	1
q64867	c64530	1
q64868	c64531	1
q64869	c64532	1
q64870	c64533	1
q64871	c64534	1
q64872	c64535	1
q64873	c64536	1
q64874	c32177	1
q64875	c64537	1
q64876	c64538	1
q64877	c64539	1
q64878	c32179	1
q64879	c64540	1
q64880	c64541	1
q64881	c32182	1
q64882	c64542	1
q64883	c32184	1
q64884	c64543	1
q64885	c64544	1
q64886	c64545	1
q64887	c64546	1
q64888	c64547	1
q64889	c32188	1
q64890	c64548	1
q64891	c32189	1
q64892	c64549	1
q64893	c32191	1
q64894	c64550	1
q64895	c64551	1
q64896	c64552	1
q64897	c64553	1
q64898	c64554	1
q64899	c64555	1
q64900	c64556	1
q64901	c64557	1
q64902	c64558	1
q64903	c64559	1
q64904	c64560	1
q64905	c64561	1
q64906	c64562	1
q64907	c64563	1
q64908	c64564	1
q64909	c64565	1
q64910	c64566	1
q64911	c64567	1
q64912	c64568	1
q64913	c64569	1
q64914	c64570	1
q64915	c64571	1
q64916	c64572	1
q64917	c64573	1
q64918	c64574	1
q64919	c64575	1
q64920	c64576	1
q64921	c64577	1
q64922	c64578	1
q64923	c64579	1
q64924	c64580	1
q64925	c64581	1
q64926	c64582	1
q64927	c64583	1
q64928	c64584	1
q64929	c64585	1
q64930	c64586	1
q64931	c64587	1
q64932	c64588	1
q64933	c64589	1
q64934	c64590	1
q64935	c64591	1
q64936	c64592	1
q64937	c64593	1
q64938	c64594	1
q64939	c64595	1
q64940	c64596	1
q64941	c64597	1
q64942	c64598	1
q64943	c64599	1
q64944	c64600	1
q64945	c64601	1
q64946	c64602	1
q64947	c64603	1
q64948	c64604	1
q64949	c64605	1
q64950	c64606	1
q64951	c64607	1
q64952	c64608	1
q64953	c64609	1
q64954	c64610	1
q64955	c64611	1
q64956	c64612	1
q64957	c64613	1
q64958	c64614	1
q64959	c64615	1
q64960	c64616	1
q64961	c64617	1
q64962	c64618	1
q64963	c64619	1
q64964	c64620	1
q64965	c64621	1
q64966	c64622	1
q64967	c64623	1
q64968	c64624	1
q64969	c64625	1
q64970	c64626	1
q64971	c64627	1
q64972	c64628	1
q64973	c64629	1
q64974	c64630	1
q64975	c64631	1
q64976	c64632	1
q64977	c64633	1
q64978	c64634	1
q64979	c64635	1
q64980	c64636	1
q64981	c64637	1
q64982	c64638	1
q64983	c64639	1
q64984	c64640	1
q64985	c64641	1
q64986	c64642	1
q64987	c64643	1
q64988	c64644	1
q64989	c64645	1
q64990	c64646	1
q64991	c64647	1
q64992	c64648	1
q64993	c64649	1
q64994	c64650	1
q64995	c64651	1
q64996	c64652	1
q64997	c64653	1
q64998	c64654	1
q64999	c64655	1
q65000	c64656	1
q65001	c64657	1
q65002	c64658	1
q65003	c64659	1
q65004	c64660	1
q65005	c64661	1
q65006	c64662	1
q65007	c64663	1
q65008	c64664	1
q65009	c64665	1
q65010	c64666	1
q65011	c64667	1
q65012	c64668	1
q65013	c64669	1
q65014	c64670	1
q65015	c64671	1
q65016	c64672	1
q65017	c64673	1
q65018	c64674	1
q65019	c64675	1
q65020	c64676	1
q65021	c64677	1
q65022	c64678	1
q65023	c64679	1
q65024	c64680	1
q65025	c64681	1
q65026	c64682	1
q65027	c64683	1
q65028	c64684	1
q65029	c64685	1
q65030	c64686	1
q65031	c64687	1
q65032	c64688	1
q65033	c64689	1
q65034	c64690	1
q65035	c64691	1
q65036	c64692	1
q65037	c64693	1
q65038	c64694	1
q65039	c64695	1
q65040	c64696	1
q65041	c64697	1
q65042	c64698	1
q65043	c64699	1
q65044	c64700	1
q65045	c64701	1
q65046	c64702	1
q65047	c64703	1
q65048	c64704	1
q65049	c64705	1
q65050	c64706	1
q65051	c64707	1
q65052	c64708	1
q65053	c64709	1
q65054	c64710	1
q65055	c64711	1
q65056	c64712	1
q65057	c64713	1
q65058	c64714	1
q65059	c64715	1
q65060	c64716	1
q65061	c64717	1
q65062	c64718	1
q65063	c64719	1
q65064	c64720	1
q65065	c64721	1
q65066	c64722	1
q65067	c64723	1
q65068	c64724	1
q65069	c64725	1
q65070	c64726	1
q65071	c64727	1
q65072	c64728	1
q65073	c64729	1
q65074	c64730	1
q65075	c64731	1
q65076	c64732	1
q65077	c64733	1
q65078	c64734	1
q65079	c64735	1
q65080	c64736	1
q65081	c64737	1
q65082	c64738	1
q65083	c64739	1
q65084	c64740	1
q65085	c64741	1
q65086	c64742	1
q65087	c64743	1
q65088	c64744	1
q65089	c64745	1
q65090	c64746	1
q65091	c64747	1
q65092	c64748	1
q65093	c64749	1
q65094	c64750	1
q65095	c64751	1
q65096	c64752	1
q65097	c64753	1
q65098	c64754	1
q65099	c64755	1
q65100	c64756	1
q65101	c64757	1
q65102	c64758	1
q65103	c64759	1
q65104	c64760	1
q65105	c64761	1
q65106	c64762	1
q65107	c64763	1
q65108	c64764	1
q65109	c64765	1
q65110	c25124	1
q65111	c25125	1
q65112	c64766	1
q65113	c64767	1
q65114	c64768	1
q65115	c64769	1
q65116	c64770	1
q65117	c64771	1
q65118	c64772	1
q65119	c64773	1
q65120	c64774	1
q65121	c64775	1
q65122	c64776	1
q65123	c64777	1
q65124	c64778	1
q65125	c64779	1
q65126	c64780	1
q65127	c64781	1
q65128	c64782	1
q65129	c64783	1
q65130	c64784	1
q65131	c64785	1
q65132	c64786	1
q65133	c64787	1
q65134	c64788	1
q65135	c64789	1
q65136	c64790	1
q65137	c64791	1
q65138	c64792	1
q65139	c64793	1
q65140	c64794	1
q65141	c64795	1
q65142	c64796	1
q65143	c64797	1
q65144	c64798	1
q65145	c64799	1
q65146	c64800	1
q65147	c64801	1
q65148	c64802	1
q65149	c64803	1
q65150	c64804	1
q65151	c64805	1
q65152	c64806	1
q65153	c64807	1
q65154	c64808	1
q65155	c64809	1
q65156	c64810	1
q65157	c64811	1
q65158	c64812	1
q65159	c64813	1
q65160	c64814	1
q65161	c64815	1
q65162	c64816	1
q65163	c64817	1
q65164	c64818	1
q65165	c64819	1
q65166	c64820	1
q65167	c64821	1
q65168	c64822	1
q65169	c64823	1
q65170	c64824	1
q65171	c64825	1
q65172	c64826	1
q65173	c64827	1
q65174	c64828	1
q65175	c64829	1
q65176	c64830	1
q65177	c64831	1
q65178	c64832	1
q65179	c64833	1
q65180	c64834	1
q65181	c64835	1
q65182	c64836	1
q65183	c64837	1
q65184	c64838	1
q65185	c64839	1
q65186	c64840	1
q65187	c64841	1
q65188	c64842	1
q65189	c64843	1
q65190	c64844	1
q65191	c52158	1
q65192	c64845	1
q65193	c64846	1
q65194	c64847	1
q65195	c64848	1
q65196	c64849	1
q65197	c64850	1
q65198	c64851	1
q65199	c64852	1
q65200	c64853	1
